<?xml version="1.0" encoding="UTF-8"?>
<GenRun Id="impl_1" LaunchPart="xc7z010clg400-1" LaunchTime="1651603341">
  <File Type="RCFI_FILE" Name="circuit_compteur.rcfi"/>
  <File Type="ROUTE-METHODOLOGY-DRC-RPX" Name="circuit_compteur_methodology_drc_routed.rpx"/>
  <File Type="ROUTE-DRC-RPX" Name="circuit_compteur_drc_routed.rpx"/>
  <File Type="ROUTE-METHODOLOGY-DRC-PB" Name="circuit_compteur_methodology_drc_routed.pb"/>
  <File Type="ROUTE-METHODOLOGY-DRC" Name="circuit_compteur_methodology_drc_routed.rpt"/>
  <File Type="POSTROUTE-PHYSOPT-BLACKBOX-DCP" Name="circuit_compteur_postroute_physopt_bb.dcp"/>
  <File Type="POSTROUTE-PHYSOPT-DCP" Name="circuit_compteur_postroute_physopt.dcp"/>
  <File Type="PHYSOPT-DCP" Name="circuit_compteur_physopt.dcp"/>
  <File Type="POSTPLACE-PWROPT-DCP" Name="circuit_compteur_postplace_pwropt.dcp"/>
  <File Type="PWROPT-DCP" Name="circuit_compteur_pwropt.dcp"/>
  <File Type="PLACE-DCP" Name="circuit_compteur_placed.dcp"/>
  <File Type="OPT-DCP" Name="circuit_compteur_opt.dcp"/>
  <File Type="ROUTE-BUS-SKEW" Name="circuit_compteur_bus_skew_routed.rpt"/>
  <File Type="ROUTE-CLK" Name="circuit_compteur_clock_utilization_routed.rpt"/>
  <File Type="ROUTE-TIMING-RPX" Name="circuit_compteur_timing_summary_routed.rpx"/>
  <File Type="BITSTR-LTX" Name="debug_nets.ltx"/>
  <File Type="BITSTR-LTX" Name="circuit_compteur.ltx"/>
  <File Type="BITSTR-SYSDEF" Name="circuit_compteur.sysdef"/>
  <File Type="BITSTR-MMI" Name="circuit_compteur.mmi"/>
  <File Type="BITSTR-BMM" Name="circuit_compteur_bd.bmm"/>
  <File Type="BITSTR-NKY" Name="circuit_compteur.nky"/>
  <File Type="BITSTR-RBT" Name="circuit_compteur.rbt"/>
  <File Type="ROUTE-BUS-SKEW-RPX" Name="circuit_compteur_bus_skew_routed.rpx"/>
  <File Type="REPORTS-TCL" Name="circuit_compteur_reports.tcl"/>
  <File Type="RBD_FILE" Name="circuit_compteur.rbd"/>
  <File Type="BITSTR-MSK" Name="circuit_compteur.msk"/>
  <File Type="ROUTE-BUS-SKEW-PB" Name="circuit_compteur_bus_skew_routed.pb"/>
  <File Type="PA-TCL" Name="circuit_compteur.tcl"/>
  <File Type="ROUTE-TIMING-PB" Name="circuit_compteur_timing_summary_routed.pb"/>
  <File Type="OPT-DRC" Name="circuit_compteur_drc_opted.rpt"/>
  <File Type="NPI_FILE" Name="circuit_compteur.npi"/>
  <File Type="BG-BIN" Name="circuit_compteur.bin"/>
  <File Type="ROUTE-TIMINGSUMMARY" Name="circuit_compteur_timing_summary_routed.rpt"/>
  <File Type="RNPI_FILE" Name="circuit_compteur.rnpi"/>
  <File Type="BG-BGN" Name="circuit_compteur.bgn"/>
  <File Type="ROUTE-BLACKBOX-DCP" Name="circuit_compteur_routed_bb.dcp"/>
  <File Type="WBT-USG" Name="usage_statistics_webtalk.html"/>
  <File Type="RDI-RDI" Name="circuit_compteur.vdi"/>
  <File Type="CFI_FILE" Name="circuit_compteur.cfi"/>
  <File Type="BG-DRC" Name="circuit_compteur.drc"/>
  <File Type="ROUTE-ERROR-DCP" Name="circuit_compteur_routed_error.dcp"/>
  <File Type="PDI-FILE" Name="circuit_compteur.pdi"/>
  <File Type="BG-BIT" Name="circuit_compteur.bit"/>
  <File Type="ROUTE-STATUS-PB" Name="circuit_compteur_route_status.pb"/>
  <File Type="OPT-HWDEF" Name="circuit_compteur.hwdef"/>
  <File Type="PLACE-IO" Name="circuit_compteur_io_placed.rpt"/>
  <File Type="PLACE-UTIL" Name="circuit_compteur_utilization_placed.rpt"/>
  <File Type="PLACE-UTIL-PB" Name="circuit_compteur_utilization_placed.pb"/>
  <File Type="PLACE-CTRL" Name="circuit_compteur_control_sets_placed.rpt"/>
  <File Type="PLACE-PRE-SIMILARITY" Name="circuit_compteur_incremental_reuse_pre_placed.rpt"/>
  <File Type="ROUTE-DRC" Name="circuit_compteur_drc_routed.rpt"/>
  <File Type="ROUTE-DRC-PB" Name="circuit_compteur_drc_routed.pb"/>
  <File Type="ROUTE-PWR" Name="circuit_compteur_power_routed.rpt"/>
  <File Type="ROUTE-PWR-SUM" Name="circuit_compteur_power_summary_routed.pb"/>
  <File Type="ROUTE-PWR-RPX" Name="circuit_compteur_power_routed.rpx"/>
  <File Type="ROUTE-STATUS" Name="circuit_compteur_route_status.rpt"/>
  <File Type="ROUTE-DCP" Name="circuit_compteur_routed.dcp"/>
  <FileSet Name="sources" Type="DesignSrcs" RelSrcDir="$PSRCDIR/sources_1" RelGenDir="$PGENDIR/sources_1">
    <Filter Type="Srcs"/>
    <File Path="$PSRCDIR/sources_1/imports/Atelier/clkdiv_module.vhd">
      <FileInfo>
        <Attr Name="ImportPath" Val="$PPRDIR/../../../../../../../../../../home/raesangur/github/UdeS_S4_APP1/Atelier/clkdiv_module.vhd"/>
        <Attr Name="ImportTime" Val="1635536310"/>
        <Attr Name="UsedIn" Val="synthesis"/>
        <Attr Name="UsedIn" Val="simulation"/>
      </FileInfo>
    </File>
    <File Path="$PSRCDIR/sources_1/imports/Atelier/compteur_simple.vhd">
      <FileInfo>
        <Attr Name="ImportPath" Val="$PPRDIR/../../../../../../../../../../home/raesangur/github/UdeS_S4_APP1/Atelier/compteur_simple.vhd"/>
        <Attr Name="ImportTime" Val="1635536310"/>
        <Attr Name="UsedIn" Val="synthesis"/>
        <Attr Name="UsedIn" Val="simulation"/>
      </FileInfo>
    </File>
    <File Path="$PSRCDIR/sources_1/imports/Atelier/circuit_2.vhd">
      <FileInfo>
        <Attr Name="ImportPath" Val="$PPRDIR/../../../../../../../../../../home/raesangur/github/UdeS_S4_APP1/Atelier/circuit_2.vhd"/>
        <Attr Name="ImportTime" Val="1635536310"/>
        <Attr Name="UsedIn" Val="synthesis"/>
        <Attr Name="UsedIn" Val="simulation"/>
      </FileInfo>
    </File>
    <File Path="$PSRCDIR/sources_1/new/circuit_1.vhd">
      <FileInfo>
        <Attr Name="AutoDisabled" Val="1"/>
        <Attr Name="ImportPath" Val="$PPRDIR/../../../../../../../../../../home/raesangur/github/UdeS_S4_APP1/Atelier/atelier/atelier.srcs/sources_1/new/circuit_1.vhd"/>
        <Attr Name="ImportTime" Val="1651600840"/>
        <Attr Name="UsedIn" Val="synthesis"/>
        <Attr Name="UsedIn" Val="simulation"/>
      </FileInfo>
    </File>
    <Config>
      <Option Name="DesignMode" Val="RTL"/>
      <Option Name="TopModule" Val="circuit_compteur"/>
      <Option Name="TopAutoSet" Val="TRUE"/>
    </Config>
  </FileSet>
  <FileSet Name="constrs_in" Type="Constrs" RelSrcDir="$PSRCDIR/constrs_1">
    <Filter Type="Constrs"/>
    <File Path="$PSRCDIR/constrs_1/imports/Atelier/Zybo-Z7-Master.xdc">
      <FileInfo>
        <Attr Name="UserDisabled" Val="1"/>
        <Attr Name="ImportPath" Val="$PPRDIR/../../../../../../../../../../home/raesangur/github/UdeS_S4_APP1/Atelier/Zybo-Z7-Master.xdc"/>
        <Attr Name="ImportTime" Val="1635536310"/>
        <Attr Name="UsedIn" Val="synthesis"/>
        <Attr Name="UsedIn" Val="implementation"/>
      </FileInfo>
    </File>
    <File Path="$PSRCDIR/constrs_1/imports/Atelier/circuit_1.xdc">
      <FileInfo>
        <Attr Name="UserDisabled" Val="1"/>
        <Attr Name="ImportPath" Val="$PPRDIR/../../../../../../../../../../home/raesangur/github/UdeS_S4_APP1/Atelier/circuit_1.xdc"/>
        <Attr Name="ImportTime" Val="1641411922"/>
        <Attr Name="UsedIn" Val="synthesis"/>
        <Attr Name="UsedIn" Val="implementation"/>
      </FileInfo>
    </File>
    <File Path="$PSRCDIR/constrs_1/imports/Atelier/circuit_2.xdc">
      <FileInfo>
        <Attr Name="ImportPath" Val="$PPRDIR/../../../../../../../../../../home/raesangur/github/UdeS_S4_APP1/Atelier/circuit_2.xdc"/>
        <Attr Name="ImportTime" Val="1641411976"/>
        <Attr Name="UsedIn" Val="synthesis"/>
        <Attr Name="UsedIn" Val="implementation"/>
      </FileInfo>
    </File>
    <Config>
      <Option Name="ConstrsType" Val="XDC"/>
    </Config>
  </FileSet>
  <FileSet Name="utils" Type="Utils" RelSrcDir="$PSRCDIR/utils_1">
    <Filter Type="Utils"/>
    <File Path="$PSRCDIR/utils_1/imports/synth_1/half_adder.dcp">
      <FileInfo>
        <Attr Name="ImportPath" Val="$PPRDIR/../../../../../../../../../../home/raesangur/github/UdeS_S4_APP1/Atelier/atelier/atelier.srcs/utils_1/imports/synth_1/half_adder.dcp"/>
        <Attr Name="ImportTime" Val="1651603334"/>
        <Attr Name="UsedIn" Val="synthesis"/>
        <Attr Name="UsedIn" Val="implementation"/>
        <Attr Name="UsedInSteps" Val="synth_1"/>
        <Attr Name="AutoDcp" Val="1"/>
      </FileInfo>
    </File>
    <Config>
      <Option Name="TopAutoSet" Val="TRUE"/>
    </Config>
  </FileSet>
  <Strategy Version="1" Minor="2">
    <StratHandle Name="Vivado Implementation Defaults" Flow="Vivado Implementation 2021"/>
    <Step Id="init_design"/>
    <Step Id="opt_design"/>
    <Step Id="power_opt_design"/>
    <Step Id="place_design"/>
    <Step Id="post_place_power_opt_design"/>
    <Step Id="phys_opt_design"/>
    <Step Id="route_design"/>
    <Step Id="post_route_phys_opt_design"/>
    <Step Id="write_bitstream"/>
    <Step Id="write_device_image"/>
  </Strategy>
</GenRun>
